{"train_loss": [0.5138738902409872, 0.25886248032251996, 0.12216057094434897, 0.05804042814299464, 0.034749552284677826, 0.025760973589494824, 0.018699307568992178, 0.018505541106375555, 0.018023912721934418, 0.01101838914405865], "train_acc": [0.7297071129707113, 0.897071129707113, 0.9531380753138076, 0.9794979079497907, 0.9895397489539749, 0.9903765690376569, 0.9933054393305439, 0.9937238493723849, 0.9924686192468619, 0.994979079497908], "train_auc": [0.8000884433962263, 0.9627531446540881, 0.9916603773584906, 0.99825393081761, 0.9994481132075472, 0.9996627358490566, 0.9998431603773585, 0.9997519654088051, 0.999812893081761, 0.9999233490566038], "val_loss": [0.6121819834960135, 0.4917072130269126, 0.8401296916172692, 0.4800709009562668, 0.474571323904552, 0.6266531259997895, 0.47167022624298144, 0.4760364219546318, 0.41954509276700647, 0.440338870412425], "val_acc": [0.605, 0.7966666666666666, 0.7283333333333334, 0.82, 0.8333333333333334, 0.8216666666666667, 0.8616666666666667, 0.875, 0.8766666666666667, 0.8766666666666667], "val_auc": [0.7680875, 0.8988125, 0.9261375000000001, 0.9038875, 0.9176500000000001, 0.915625, 0.9342999999999999, 0.9485875, 0.95235, 0.9665499999999999]}