{"train_loss": [0.5517006591955821, 0.3785360542933146, 0.2699432268738747, 0.20215396563212076, 0.1480987593034903, 0.12292494351665179, 0.09973761220773061, 0.09721147370835145, 0.07179116036742926, 0.06878680521001418], "train_acc": [0.7083682008368201, 0.8284518828451883, 0.8845188284518829, 0.9188284518828452, 0.9460251046025104, 0.9493723849372385, 0.9581589958158996, 0.9598326359832636, 0.9761506276150628, 0.9732217573221758], "train_auc": [0.744880110062893, 0.9057995283018868, 0.9529720911949685, 0.9732759433962264, 0.9853360849056604, 0.9901018081761006, 0.9932228773584905, 0.9937205188679246, 0.9966014150943396, 0.9969135220125787], "val_loss": [0.6640099851708663, 0.573656713491992, 0.4116787881051239, 0.30496376007795334, 0.2602592165532865, 0.22478085324952476, 0.2669261586117117, 0.36123860627412796, 0.25693337795765775, 0.2745830353937651], "val_acc": [0.57, 0.665, 0.7916666666666666, 0.88, 0.8816666666666667, 0.8983333333333333, 0.8933333333333333, 0.8366666666666667, 0.8916666666666667, 0.8966666666666666], "val_auc": [0.7364875000000001, 0.83215, 0.9097000000000001, 0.9415125, 0.9570625, 0.9676500000000001, 0.9611750000000001, 0.9669874999999999, 0.9634125, 0.96515]}