{"train_loss": [0.556923368771871, 0.3789063650369644, 0.27420383592446645, 0.19331791589657465, 0.1747218744456768, 0.14201624661684037, 0.11033242128789425, 0.08346539571260413, 0.08618020758032799, 0.06960617267837127], "train_acc": [0.702510460251046, 0.8351464435146444, 0.8807531380753139, 0.9192468619246862, 0.9301255230125522, 0.9422594142259414, 0.9560669456066946, 0.9652719665271966, 0.9652719665271966, 0.9698744769874477], "train_auc": [0.7408954402515724, 0.9040892295597484, 0.9500369496855346, 0.9753439465408804, 0.9790990566037736, 0.9866812106918239, 0.9920825471698114, 0.9956709905660377, 0.9949768081761007, 0.9966761006289309], "val_loss": [0.6117441340496665, 0.4615454089484717, 0.44252311399108485, 0.29966879028238746, 0.3450321196333358, 0.22662059560810266, 0.2369167223376663, 0.24310298107172312, 0.28499631466049896, 0.5092729669750521], "val_acc": [0.6316666666666667, 0.775, 0.7916666666666666, 0.8783333333333333, 0.8366666666666667, 0.8966666666666666, 0.8966666666666666, 0.9066666666666666, 0.9033333333333333, 0.8116666666666666], "val_auc": [0.752425, 0.8543625, 0.9073625000000001, 0.9431125, 0.9484874999999999, 0.9654624999999999, 0.9662375000000001, 0.96595, 0.9568625, 0.9720375]}